<?xml version="1.0" encoding="UTF-8"?>
<project-private xmlns="http://www.netbeans.org/ns/project-private/1">
    <editor-bookmarks xmlns="http://www.netbeans.org/ns/editor-bookmarks/2" lastBookmarkId="0"/>
    <open-files xmlns="http://www.netbeans.org/ns/projectui-open-files/2">
        <group>
            <file>file:/C:/Users/ayesh/OneDrive/Desktop/java/AttendanceManagement/src/Entities/Course.java</file>
            <file>file:/C:/Users/ayesh/OneDrive/Desktop/java/AttendanceManagement/src/Jframes/Student_DashBoard1.java</file>
            <file>file:/C:/Users/ayesh/OneDrive/Desktop/java/AttendanceManagement/src/Jframes/A_Dashboard.java</file>
            <file>file:/C:/Users/ayesh/OneDrive/Desktop/java/AttendanceManagement/src/Entities/Student.java</file>
            <file>file:/C:/Users/ayesh/OneDrive/Desktop/java/AttendanceManagement/src/Jframes/Dashboard.java</file>
            <file>file:/C:/Users/ayesh/OneDrive/Desktop/java/AttendanceManagement/src/Entities/User.java</file>
            <file>file:/C:/Users/ayesh/OneDrive/Desktop/java/AttendanceManagement/src/Entities/Section.java</file>
            <file>file:/C:/Users/ayesh/OneDrive/Desktop/java/AttendanceManagement/src/Entities/WorkLoad.java</file>
            <file>file:/C:/Users/ayesh/OneDrive/Desktop/java/AttendanceManagement/src/Entities/Enrollment.java</file>
            <file>file:/C:/Users/ayesh/OneDrive/Desktop/java/AttendanceManagement/src/Entities/University.java</file>
            <file>file:/C:/Users/ayesh/OneDrive/Desktop/java/AttendanceManagement/src/Jframes/Teacher_DashBoard.java</file>
            <file>file:/C:/Users/ayesh/OneDrive/Desktop/java/AttendanceManagement/src/Entities/Teacher.java</file>
            <file>file:/C:/Users/ayesh/OneDrive/Desktop/java/AttendanceManagement/src/Jframes/SignUp.java</file>
            <file>file:/C:/Users/ayesh/OneDrive/Desktop/java/AttendanceManagement/src/Entities/Attendance.java</file>
            <file>file:/C:/Users/ayesh/OneDrive/Desktop/java/AttendanceManagement/src/Jframes/SignIn.java</file>
        </group>
    </open-files>
</project-private>
